,URLs
0,https://fr.linkedin.com/in/huydinhhcmus/
1,https://fr.linkedin.com/in/joeybronner/
2,https://fr.linkedin.com/in/joeybronner+developer+linkedin+france/
3,https://fr.linkedin.com/in/delagabbe/
4,https://fr.linkedin.com/in/delagabbe+developer+linkedin+france/
5,https://fr.linkedin.com/in/sebastienstormacq/
6,https://fr.linkedin.com/in/niketpathak/
7,https://fr.linkedin.com/in/niketpathak+developer+linkedin+france/
8,https://fr.linkedin.com/in/christianhamelin/
9,https://fr.linkedin.com/in/predamariamadalina/
10,https://fr.linkedin.com/in/dariakhmel/
11,https://fr.linkedin.com/in/dariakhmel+developer+linkedin+france/
12,https://fr.linkedin.com/in/kchawla-pi/
13,https://fr.linkedin.com/in/marta-castro-53404245/
14,https://fr.linkedin.com/in/sandrinegourby/
15,https://www.linkedin.com/in/mohamed-faraji/
16,https://www.linkedin.com/in/mhouben/
17,https://www.linkedin.com/in/margot-de-maulmont/
18,https://www.linkedin.com/in/sheheryarghaznavi/